Field,endive,romaine,sorghum,soybeans,strawberries,wheat
1,0,0.945491,0.0545089,0,0,0
2,0,1,0,0,0,0
3,0,0,0,0,0,1
4,0,0,0,0,0,1
5,1,0,0,0,0,0
6,1,0,0,0,0,0
7,0,1,0,0,0,0
8,0,0,1,0,0,0
9,0,0,0.229979,0,0.770021,0
10,0,0,0,0,1,0
11,0,1,0,0,0,0
12,0,1,0,0,0,0
13,1,0,0,0,0,0
14,0,0,0,1,0,0
15,0,0,0,1,0,0
16,0,0,0,1,0,0
17,0,1,0,0,0,0
18,0,0,1,0,0,0
19,0,0,0,1,0,0
20,0,0,0,1,0,0
;,,,,,,
